{
  "eye": {
    "orientation": [
      0.33467140793800354,
      -0.9375326633453369,
      0.08276526629924774,
      -0.04666374996304512
    ],
    "magnitude": 1,
    "position": [
      1260.47314453125,
      246.32244873046875,
      337.3073425292969
    ]
  },
  "radius": 793.2212524414062,
  "type": "PERSPECTIVE"
}