{
  "eye": {
    "orientation": [
      0.33080342411994934,
      0.12770405411720276,
      0.3696400225162506,
      0.858852207660675
    ],
    "magnitude": 1,
    "position": [
      852.9459228515625,
      180.54246520996094,
      559.2941284179688
    ]
  },
  "radius": 793.2212524414062,
  "type": "PERSPECTIVE"
}